{
  "experiment_name": "hcp_mmse_smoke",
  "num_examples": 24,
  "split_sizes": {
    "train": 16,
    "val": 4,
    "test": 4
  },
  "device": "cpu",
  "best_val_mae": 27.654477696865797,
  "best_val_metrics": {
    "mae": 27.654477696865797,
    "mse": 765.953249111038,
    "rmse": 27.67586040416879,
    "pearson_r": 0.522723377182049,
    "r2": -644.0132624092952
  },
  "test_metrics": {
    "mae": 28.402850579470396,
    "mse": 806.9738428894364,
    "rmse": 28.407285032002555,
    "pearson_r": -0.3448171232946467,
    "r2": -3226.8953715577454
  },
  "checkpoint_path": "E:\\EwhaMediTech\\research\\brainage\\modeling\\outputs\\hcp_mmse_smoke\\best_model.pt"
}