{
  "experiment_name": "adni_cls_baseline_linux_seed44",
  "use_demographics": false,
  "num_examples": 186,
  "split_sizes": {
    "train": 132,
    "val": 27,
    "test": 27
  },
  "label_mapping": {
    "NC": 0,
    "MCI": 1,
    "AD": 2
  },
  "device": "cuda",
  "selection_metric": "balanced_accuracy",
  "best_val_metrics": {
    "accuracy": 0.6296296296296297,
    "balanced_accuracy": 0.48148148148148145,
    "macro_precision": 0.5217391304347826,
    "macro_recall": 0.48148148148148145,
    "macro_f1": 0.4458689458689458,
    "confusion_matrix": [
      [
        4,
        5,
        0
      ],
      [
        0,
        13,
        0
      ],
      [
        0,
        5,
        0
      ]
    ],
    "per_class_precision": {
      "0": 1.0,
      "1": 0.5652173913043478,
      "2": 0.0
    },
    "per_class_recall": {
      "0": 0.4444444444444444,
      "1": 1.0,
      "2": 0.0
    },
    "per_class_f1": {
      "0": 0.6153846153846153,
      "1": 0.7222222222222222,
      "2": 0.0
    }
  },
  "test_metrics": {
    "accuracy": 0.4074074074074074,
    "balanced_accuracy": 0.2934472934472934,
    "macro_precision": 0.21818181818181817,
    "macro_recall": 0.2934472934472934,
    "macro_f1": 0.23809523809523805,
    "confusion_matrix": [
      [
        1,
        8,
        0
      ],
      [
        3,
        10,
        0
      ],
      [
        1,
        4,
        0
      ]
    ],
    "per_class_precision": {
      "0": 0.2,
      "1": 0.45454545454545453,
      "2": 0.0
    },
    "per_class_recall": {
      "0": 0.1111111111111111,
      "1": 0.7692307692307693,
      "2": 0.0
    },
    "per_class_f1": {
      "0": 0.14285714285714285,
      "1": 0.5714285714285714,
      "2": 0.0
    }
  },
  "checkpoint_path": "/home/user/modeling/outputs/adni_cls_baseline_seed44/best_model.pt",
  "class_weights": null,
  "class_weighting": "none",
  "sampler_strategy": "none",
  "split_source": "existing_split_file",
  "split_file": "/home/user/modeling/data/splits/adni_cls_seed42.csv"
}