{
  "experiment_name": "hcp_mmse_multimodal_smoke",
  "use_demographics": true,
  "num_examples": 24,
  "split_sizes": {
    "train": 16,
    "val": 4,
    "test": 4
  },
  "device": "cpu",
  "best_val_mae": 27.56720219179988,
  "best_val_metrics": {
    "mae": 27.56720219179988,
    "mse": 761.1439536355173,
    "rmse": 27.58883748249493,
    "pearson_r": -0.2717641201620405,
    "r2": -639.9633293772777
  },
  "test_metrics": {
    "mae": 28.313605546951294,
    "mse": 801.9089324956611,
    "rmse": 28.317996618681576,
    "pearson_r": 0.144809836103199,
    "r2": -3206.6357299826445
  },
  "checkpoint_path": "E:\\EwhaMediTech\\research\\brainage\\modeling\\outputs\\hcp_mmse_multimodal_smoke\\best_model.pt"
}