{
  "AD": {
    "mae": 3.6912557601928713,
    "mse": 18.27248528162854,
    "rmse": 4.274632765703803,
    "pearson_r": 0.26567668108194614,
    "r2": -2.654497056325708,
    "mean_signed_error": 3.6912557601928713,
    "num_subjects": 10
  },
  "MCI": {
    "mae": 2.2478722659024326,
    "mse": 5.6499343778020625,
    "rmse": 2.3769590610277795,
    "pearson_r": -0.4459506278681224,
    "r2": -0.09910298989397037,
    "mean_signed_error": 0.34121478687633167,
    "num_subjects": 11
  },
  "NC": {
    "mae": 2.7245174646377563,
    "mse": 8.898317364091099,
    "rmse": 2.9830047542857017,
    "pearson_r": -0.35188031045658974,
    "r2": -18.14259869922119,
    "mean_signed_error": -2.7245174646377563,
    "num_subjects": 16
  }
}