diagnosis,num_subjects,mae,rmse,pearson_r,r2,mean_signed_error
AD,10,3.6912557601928713,4.274632765703803,0.26567668108194614,-2.654497056325708,3.6912557601928713
MCI,11,2.2478722659024326,2.3769590610277795,-0.4459506278681224,-0.09910298989397037,0.34121478687633167
NC,16,2.7245174646377563,2.9830047542857017,-0.35188031045658974,-18.14259869922119,-2.7245174646377563
