{
  "AD": {
    "mae": 4.426256370544434,
    "mse": 24.47400990287315,
    "rmse": 4.9471213753932854,
    "pearson_r": 0.19837200947207348,
    "r2": -3.8948019805746297,
    "mean_signed_error": 4.426256370544434,
    "num_subjects": 10
  },
  "MCI": {
    "mae": 2.279768163507635,
    "mse": 5.9257688606885495,
    "rmse": 2.4342902170219043,
    "pearson_r": 0.208610468770701,
    "r2": -0.1527621095551679,
    "mean_signed_error": 0.9927326549183239,
    "num_subjects": 11
  },
  "NC": {
    "mae": 1.950265884399414,
    "mse": 6.12041490850288,
    "rmse": 2.4739472323602376,
    "pearson_r": -0.5136271752427982,
    "r2": -12.16660686198939,
    "mean_signed_error": -1.8953964710235596,
    "num_subjects": 16
  }
}