diagnosis,num_subjects,mae,rmse,pearson_r,r2,mean_signed_error
AD,10,4.426256370544434,4.9471213753932854,0.19837200947207348,-3.8948019805746297,4.426256370544434
MCI,11,2.279768163507635,2.4342902170219043,0.208610468770701,-0.1527621095551679,0.9927326549183239
NC,16,1.950265884399414,2.4739472323602376,-0.5136271752427982,-12.16660686198939,-1.8953964710235596
