{
  "experiment_name": "hcp_mmse_multimodal_baseline_linux",
  "use_demographics": true,
  "num_examples": 709,
  "split_sizes": {
    "train": 497,
    "val": 106,
    "test": 106
  },
  "device": "cuda",
  "loss_name": "mse",
  "selection_metric": "mae",
  "best_val_mae": 0.8772050209765164,
  "best_val_metrics": {
    "mae": 0.8772050209765164,
    "mse": 1.2687375874152254,
    "rmse": 1.12638252268722,
    "pearson_r": 0.35159017280665017,
    "r2": 0.09797927536082962
  },
  "test_metrics": {
    "mae": 0.8694582345350733,
    "mse": 1.2108075413786692,
    "rmse": 1.1003670030397446,
    "pearson_r": 0.2726578142496379,
    "r2": 0.023567534993846007
  },
  "checkpoint_path": "/home/user/modeling/outputs/hcp_mmse_multimodal_baseline/best_model.pt",
  "split_source": "existing_split_file",
  "split_file": "/home/user/modeling/data/splits/hcp_mmse_seed42.csv"
}